Position,Informative,A,T,C,G,gap,other
4,false,0,1,0,2,0,0
5,false,0,0,1,2,0,0
8,false,0,1,0,2,0,0
10,false,2,0,0,1,0,0
12,false,0,0,1,2,0,0
15,false,2,0,0,0,1,0
16,false,0,0,2,0,1,0
17,false,0,2,0,0,1,0
18,false,0,2,0,0,1,0
19,false,0,0,0,2,1,0
20,false,2,0,0,0,1,0
21,false,2,0,0,0,1,0
22,false,2,0,0,0,1,0
23,false,0,2,0,0,1,0
24,false,0,0,2,0,1,0
25,false,2,0,0,0,1,0
26,false,2,0,0,0,1,0
27,false,0,0,0,2,1,0
28,false,0,0,2,0,1,0
29,false,0,0,2,0,1,0
30,false,2,0,0,0,1,0
31,false,2,0,0,0,1,0
32,false,0,2,0,0,1,0
33,false,0,2,0,0,1,0
34,false,0,0,0,2,1,0
35,false,2,0,0,0,1,0
36,false,0,0,0,2,1,0
37,false,2,0,0,0,1,0
38,false,2,0,0,0,1,0
39,false,0,0,2,0,1,0
40,false,2,0,0,0,1,0
41,false,2,0,0,0,1,0
42,false,2,0,0,0,1,0
43,false,2,0,0,0,1,0
44,false,0,0,0,2,1,0
45,false,0,2,0,0,1,0
46,false,2,0,0,0,1,0
47,false,0,0,0,2,1,0
48,false,0,0,2,0,1,0
49,false,0,0,2,0,1,0
50,false,0,0,0,2,1,0
51,false,2,0,0,0,1,0
52,false,0,0,2,0,1,0
53,false,2,0,0,0,1,0
54,false,2,0,0,0,1,0
55,false,0,0,0,2,1,0
56,false,0,2,0,0,1,0
59,false,0,1,2,0,0,0
61,false,0,2,1,0,0,0
63,false,0,0,2,0,1,0
64,false,0,2,0,0,1,0
65,false,0,0,2,0,1,0
66,false,0,0,2,0,1,0
67,false,2,0,0,0,1,0
68,false,2,0,0,0,1,0
69,false,2,0,0,0,1,0
70,false,0,0,2,0,1,0
71,false,0,0,0,2,1,0
72,false,2,0,0,0,1,0
73,false,0,0,2,0,1,0
74,false,0,0,0,2,1,0
75,false,0,0,2,0,1,0
76,false,2,0,0,0,1,0
77,false,2,0,0,0,1,0
78,false,0,0,2,0,1,0
79,false,0,0,0,2,1,0
80,false,0,0,0,2,1,0
81,false,0,2,0,0,1,0
82,false,0,0,2,0,1,0
83,false,0,2,0,0,1,0
84,false,0,0,2,0,1,0
85,false,2,0,0,0,1,0
86,false,0,2,0,0,1,0
87,false,0,0,2,0,1,0
88,false,0,0,0,2,1,0
89,false,2,0,0,0,1,0
90,false,0,0,0,2,1,0
91,false,2,0,0,0,1,0
92,false,2,0,0,0,1,0
93,false,2,0,0,0,1,0
94,false,0,0,0,2,1,0
95,false,0,0,2,0,1,0
96,false,0,2,0,0,1,0
97,false,0,0,2,0,1,0
98,false,0,0,0,2,1,0
99,false,0,2,0,0,1,0
100,false,0,0,2,0,1,0
101,false,2,0,0,0,1,0
102,false,0,0,0,2,1,0
103,false,0,0,2,0,1,0
104,false,0,2,0,0,1,0
105,false,0,2,0,0,1,0
106,false,0,2,0,0,1,0
107,false,0,0,2,0,1,0
108,false,0,0,2,0,1,0
109,false,0,0,0,2,1,0
110,false,0,2,0,0,1,0
111,false,0,2,0,0,1,0
112,false,0,0,2,0,1,0
113,false,0,2,0,0,1,0
114,false,0,0,2,0,1,0
115,false,0,2,0,0,1,0
116,false,0,0,0,2,1,0
117,false,0,2,0,0,1,0
118,false,0,0,0,2,1,0
119,false,2,0,0,0,1,0
120,false,0,0,2,0,1,0
121,false,0,0,0,2,1,0
122,false,0,0,2,0,1,0
123,false,2,0,0,0,1,0
124,false,0,2,0,0,1,0
125,false,0,0,2,0,1,0
126,false,0,0,2,0,1,0
127,false,0,0,0,2,1,0
128,false,0,2,0,0,1,0
129,false,0,0,2,0,1,0
130,false,0,0,0,2,1,0
131,false,0,0,2,0,1,0
132,false,0,2,0,0,1,0
133,false,0,0,2,0,1,0
134,false,0,2,0,0,1,0
135,false,0,2,0,0,1,0
136,false,0,0,2,0,1,0
137,false,0,2,0,0,1,0
138,false,0,2,0,0,1,0
139,false,0,0,0,2,1,0
140,false,0,2,0,0,1,0
141,false,0,0,2,0,1,0
142,false,0,0,0,2,1,0
143,false,0,2,0,0,1,0
144,false,0,0,2,0,1,0
145,false,0,2,0,0,1,0
146,false,0,0,2,0,1,0
147,false,0,0,2,0,1,0
148,false,0,0,0,2,1,0
149,false,0,0,2,0,1,0
150,false,0,0,2,0,1,0
151,false,0,2,0,0,1,0
152,false,0,0,2,0,1,0
153,false,0,0,2,0,1,0
154,false,2,0,0,0,1,0
155,false,0,0,0,2,1,0
156,false,2,0,0,0,1,0
157,false,2,0,0,0,1,0
158,false,2,0,0,0,1,0
159,false,2,0,0,0,1,0
160,false,0,0,2,0,1,0
161,false,0,2,0,0,1,0
162,false,0,0,2,0,1,0
163,false,0,2,0,0,1,0
164,false,2,0,0,0,1,0
165,false,0,0,2,0,1,0
166,false,2,0,0,0,1,0
167,false,0,0,0,2,1,0
168,false,0,0,2,0,1,0
169,false,0,2,0,0,1,0
170,false,0,2,0,0,1,0
171,false,0,0,2,0,1,0
172,false,0,2,0,0,1,0
173,false,0,0,2,0,1,0
174,false,0,0,2,0,1,0
175,false,0,2,0,0,1,0
176,false,0,0,2,0,1,0
177,false,0,0,2,0,1,0
178,false,0,0,0,2,1,0
179,false,0,0,0,2,1,0
180,false,0,2,0,0,1,0
181,false,0,0,0,2,1,0
182,false,2,0,0,0,1,0
184,false,2,0,0,1,0,0
571,false,1,0,0,2,0,0
573,false,0,1,0,0,2,0
574,false,0,1,0,0,2,0
575,false,1,0,0,0,2,0
576,false,0,1,0,0,2,0
577,false,0,0,0,1,2,0
578,false,0,0,1,0,2,0
579,false,1,0,0,0,2,0
580,false,0,0,0,1,2,0
581,false,0,0,1,0,2,0
582,false,0,0,0,1,2,0
583,false,0,1,0,0,2,0
584,false,0,0,0,1,2,0
585,false,0,0,0,1,2,0
586,false,0,0,0,1,2,0
587,false,1,0,0,0,2,0
588,false,0,0,1,0,2,0
589,false,1,0,0,0,2,0
590,false,0,0,0,1,2,0
591,false,0,1,0,0,2,0
592,false,0,1,0,0,2,0
593,false,0,0,1,0,2,0
594,false,0,1,0,0,2,0
595,false,0,1,0,0,2,0
596,false,0,0,1,0,2,0
597,false,0,0,1,0,2,0
598,false,0,0,0,1,2,0
599,false,0,0,0,1,2,0
600,false,0,1,0,0,2,0
601,false,0,0,0,1,2,0
602,false,0,0,0,1,2,0
603,false,0,0,1,0,2,0
604,false,0,1,0,0,2,0
605,false,0,0,0,1,2,0
606,false,0,1,0,0,2,0
607,false,0,0,0,1,2,0
608,false,0,0,0,1,2,0
609,false,1,0,0,0,2,0
610,false,1,0,0,0,2,0
611,false,0,1,0,0,2,0
612,false,0,1,0,0,2,0
613,false,0,0,0,1,2,0
614,false,0,0,0,1,2,0
615,false,1,0,0,0,2,0
616,false,0,0,0,1,2,0
617,false,0,0,0,1,2,0
618,false,0,0,1,0,2,0
619,false,1,0,0,0,2,0
620,false,0,1,0,0,2,0
621,false,0,1,0,0,2,0
622,false,0,1,0,0,2,0
623,false,0,1,0,0,2,0
624,false,0,0,1,0,2,0
625,false,0,1,0,0,2,0
626,false,0,0,1,0,2,0
627,false,1,0,0,0,2,0
628,false,0,0,0,1,2,0
629,false,0,0,0,1,2,0
630,false,1,0,0,0,2,0
631,false,1,0,0,0,2,0
632,false,1,0,0,0,2,0
633,false,0,1,0,0,2,0
634,false,1,0,0,0,2,0
635,false,1,0,0,0,2,0
636,false,0,0,1,0,2,0
637,false,0,0,1,0,2,0
638,false,0,1,0,0,2,0
639,false,1,0,0,0,2,0
640,false,1,0,0,0,2,0
641,false,1,0,0,0,2,0
642,false,0,0,0,1,2,0
643,false,0,0,1,0,2,0
644,false,0,0,0,1,2,0
645,false,0,0,1,0,2,0
646,false,1,0,0,0,2,0
647,false,0,1,0,0,2,0
648,false,1,0,0,0,2,0
649,false,0,0,1,0,2,0
650,false,0,0,1,0,2,0
651,false,0,0,0,1,2,0
652,false,1,0,0,0,2,0
653,false,1,0,0,0,2,0
654,false,0,0,1,0,2,0
655,false,0,0,1,0,2,0
656,false,0,1,0,0,2,0
657,false,0,0,0,1,2,0
658,false,1,0,0,0,2,0
659,false,0,0,0,1,2,0
660,false,0,0,1,0,2,0
661,false,0,0,0,1,2,0
662,false,1,0,0,0,2,0
663,false,0,0,0,1,2,0
664,false,0,0,1,0,2,0
665,false,2,0,1,0,0,0
666,false,2,1,0,0,0,0
675,false,0,1,2,0,0,0
676,false,0,0,0,1,2,0
677,false,0,1,0,0,2,0
678,false,1,0,0,0,2,0
679,false,0,1,0,0,2,0
680,false,0,0,1,0,2,0
681,false,0,1,0,0,2,0
682,false,0,1,0,0,2,0
683,false,0,0,1,0,2,0
684,false,1,0,0,0,2,0
685,false,0,0,0,1,2,0
686,false,0,0,1,0,2,0
687,false,0,1,0,0,2,0
688,false,0,0,1,0,2,0
689,false,0,1,0,0,2,0
690,false,0,1,0,0,2,0
691,false,1,0,0,0,2,0
692,false,0,1,0,0,2,0
693,false,0,0,0,1,2,0
694,false,0,0,0,1,2,0
695,false,0,0,1,0,2,0
696,false,1,0,0,0,2,0
697,false,0,0,0,1,2,0
698,false,1,0,0,0,2,0
699,false,0,0,0,1,2,0
700,false,0,0,0,1,2,0
701,false,0,0,1,0,2,0
702,false,0,0,1,0,2,0
703,false,1,0,0,0,2,0
704,false,0,1,0,0,2,0
705,false,1,0,0,0,2,0
706,false,0,0,0,1,2,0
707,false,0,0,1,0,2,0
708,false,0,1,0,0,2,0
709,false,0,0,0,1,2,0
710,false,0,1,0,0,2,0
711,false,0,1,0,0,2,0
712,false,0,0,1,0,2,0
713,false,0,0,0,1,2,0
714,false,0,0,1,0,2,0
715,false,0,0,1,0,2,0
716,false,0,1,0,0,2,0
717,false,0,0,1,0,2,0
718,false,0,0,0,1,2,0
719,false,0,0,1,0,2,0
720,false,0,0,0,1,2,0
721,false,0,0,0,1,2,0
722,false,0,1,0,0,2,0
723,false,0,1,0,0,2,0
724,false,0,0,0,1,2,0
725,false,0,1,0,0,2,0
726,false,0,1,0,0,2,0
727,false,1,0,0,0,2,0
728,false,0,0,1,0,2,0
729,false,1,0,0,0,2,0
730,false,0,1,0,0,2,0
731,false,0,0,1,0,2,0
732,false,0,0,1,0,2,0
733,false,0,0,0,1,2,0
734,false,0,1,0,0,2,0
735,false,0,0,1,0,2,0
736,false,0,1,0,0,2,0
737,false,1,0,0,0,2,0
738,false,0,1,0,0,2,0
739,false,0,1,0,0,2,0
740,false,0,0,1,0,2,0
741,false,1,0,0,0,2,0
742,false,1,0,0,0,2,0
743,false,1,0,0,0,2,0
744,false,0,0,1,0,2,0
745,false,0,0,0,1,2,0
746,false,0,0,0,1,2,0
747,false,0,0,1,0,2,0
748,false,0,0,1,0,2,0
749,false,1,0,0,0,2,0
750,false,0,0,0,1,2,0
751,false,0,0,0,1,2,0
752,false,0,0,0,1,2,0
753,false,1,0,0,0,2,0
754,false,0,1,0,0,2,0
755,false,1,0,0,0,2,0
756,false,0,0,1,0,2,0
757,false,0,0,0,1,2,0
758,false,0,1,0,0,2,0
759,false,0,0,1,0,2,0
760,false,0,0,1,0,2,0
761,false,0,0,0,1,2,0
762,false,1,0,0,0,2,0
763,false,0,1,0,0,2,0
764,false,0,0,1,0,2,0
765,false,0,0,1,0,2,0
766,false,0,0,1,0,2,0
767,false,0,1,0,0,2,0
768,false,0,0,0,1,2,0
769,false,0,0,0,1,2,0
770,false,0,0,1,0,2,0
771,false,0,0,1,0,2,0
772,false,0,0,0,1,2,0
773,false,0,1,0,0,2,0
774,false,0,1,0,0,2,0
775,false,0,0,1,0,2,0
776,false,0,1,0,0,2,0
777,false,1,0,0,0,2,0
778,false,1,0,0,0,2,0
779,false,0,0,1,0,2,0
780,false,0,0,1,0,2,0
781,false,0,0,0,1,2,0
782,false,1,0,0,0,2,0
783,false,0,1,0,0,2,0
784,false,0,1,0,0,2,0
785,false,0,0,1,0,2,0
786,false,0,0,0,1,2,0
787,false,0,0,1,0,2,0
788,false,0,1,0,0,2,0
789,false,0,0,1,0,2,0
790,false,0,1,0,0,2,0
791,false,0,0,1,0,2,0
792,false,0,0,1,0,2,0
793,false,0,0,1,0,2,0
794,false,0,1,0,0,2,0
795,false,0,0,1,0,2,0
796,false,0,0,0,1,2,0
797,false,0,1,0,0,2,0
798,false,0,0,1,0,2,0
799,false,0,1,0,0,2,0
800,false,0,0,1,0,2,0
801,false,0,1,0,0,2,0
802,false,0,0,1,0,2,0
803,false,0,1,0,0,2,0
804,false,1,0,0,0,2,0
805,false,0,0,1,0,2,0
806,false,0,1,0,0,2,0
807,false,0,0,0,1,2,0
808,false,1,0,0,0,2,0
809,false,1,0,0,0,2,0
810,false,0,0,0,1,2,0
811,false,1,0,0,0,2,0
812,false,1,0,0,0,2,0
813,false,0,0,0,1,2,0
814,false,0,0,0,1,2,0
815,false,1,0,0,0,2,0
816,false,1,0,0,0,2,0
817,false,0,0,0,1,2,0
818,false,0,0,1,0,2,0
819,false,0,0,1,0,2,0
820,false,1,0,0,0,2,0
821,false,0,0,1,0,2,0
822,false,0,1,0,0,2,0
823,false,0,0,1,0,2,0
824,false,1,0,0,0,2,0
825,false,1,0,0,0,2,0
826,false,0,0,1,0,2,0
827,false,0,0,1,0,2,0
828,false,0,1,0,0,2,0
829,false,0,0,0,1,2,0
830,false,1,0,0,0,2,0
831,false,1,0,0,0,2,0
832,false,0,0,1,0,2,0
833,false,0,1,0,0,2,0
834,false,0,0,0,1,2,0
835,false,0,1,0,0,2,0
836,false,0,1,0,0,2,0
837,false,0,0,1,0,2,0
838,false,0,0,0,1,2,0
839,false,0,0,0,1,2,0
840,false,0,1,0,0,2,0
841,false,1,0,0,0,2,0
842,false,0,1,0,0,2,0
843,false,0,0,1,0,2,0
844,false,1,0,0,0,2,0
847,false,0,1,2,0,0,0
850,false,2,0,0,1,0,0
853,false,1,0,0,0,2,0
854,false,0,1,0,0,2,0
855,false,0,0,1,0,2,0
856,false,0,1,0,0,2,0
857,false,1,0,0,0,2,0
858,false,0,1,0,0,2,0
859,false,0,0,1,0,2,0
860,false,1,0,0,0,2,0
861,false,0,1,0,0,2,0
862,false,0,0,0,1,2,0
863,false,0,0,1,0,2,0
864,false,0,1,0,0,2,0
865,false,0,1,0,0,2,0
866,false,0,1,0,0,2,0
867,false,0,0,0,1,2,0
868,false,0,1,0,0,2,0
869,false,0,0,1,0,2,0
870,false,0,0,0,1,2,0
871,false,0,1,0,0,2,0
872,false,1,0,0,0,2,0
873,false,0,0,1,0,2,0
874,false,0,1,0,0,2,0
875,false,0,1,0,0,2,0
876,false,0,1,0,0,2,0
877,false,0,0,0,1,2,0
878,false,1,0,0,0,2,0
879,false,0,1,0,0,2,0
880,false,0,0,1,0,2,0
881,false,0,0,0,1,2,0
882,false,0,0,0,1,2,0
883,false,1,0,0,0,2,0
884,false,0,1,0,0,2,0
885,false,0,1,0,0,2,0
886,false,0,1,0,0,2,0
887,false,0,0,1,0,2,0
888,false,0,1,0,0,2,0
889,false,0,1,0,0,2,0
890,false,0,1,0,0,2,0
891,false,0,1,0,0,2,0
892,false,0,0,1,0,2,0
893,false,1,0,0,0,2,0
894,false,0,0,1,0,2,0
895,false,0,1,0,0,2,0
896,false,0,1,0,0,2,0
897,false,0,1,0,0,2,0
898,false,1,0,0,0,2,0
899,false,0,1,0,0,2,0
900,false,0,0,1,0,2,0
901,false,0,1,0,0,2,0
902,false,0,0,1,0,2,0
903,false,0,1,0,0,2,0
904,false,1,0,0,0,2,0
905,false,0,0,0,1,2,0
906,false,0,0,0,1,2,0
907,false,1,0,0,0,2,0
908,false,0,0,1,0,2,0
909,false,0,0,1,0,2,0
910,false,0,1,0,0,2,0
911,false,0,1,0,0,2,0
912,false,0,1,0,0,2,0
913,false,1,0,0,0,2,0
914,false,1,0,0,0,2,0
915,false,0,1,0,0,2,0
916,false,0,0,0,1,2,0
917,false,0,0,0,1,2,0
918,false,0,0,1,0,2,0
919,false,0,0,0,1,2,0
920,false,1,0,0,0,2,0
921,false,0,0,0,1,2,0
922,false,0,0,0,1,2,0
923,false,0,0,1,0,2,0
924,false,0,1,0,0,2,0
925,false,0,0,0,1,2,0
926,false,1,0,0,0,2,0
927,false,0,0,1,0,2,0
928,false,0,1,0,0,2,0
929,false,0,1,0,0,2,0
930,false,0,0,0,1,2,0
931,false,0,0,0,1,2,0
932,false,0,1,0,0,2,0
933,false,0,0,0,1,2,0
934,false,0,0,0,1,2,0
935,false,0,0,1,0,2,0
936,false,1,0,0,0,2,0
937,false,1,0,0,0,2,0
938,false,1,0,0,0,2,0
939,false,0,0,0,1,2,0
940,false,0,1,0,0,2,0
941,false,0,0,1,0,2,0
942,false,0,1,0,0,2,0
943,false,0,0,0,1,2,0
944,false,0,0,1,0,2,0
945,false,0,1,0,0,2,0
946,false,0,0,1,0,2,0
947,false,0,1,0,0,2,0
948,false,0,0,1,0,2,0
949,false,1,0,0,0,2,0
950,false,0,0,1,0,2,0
951,false,0,1,0,0,2,0
952,false,0,0,1,0,2,0
953,false,0,1,0,0,2,0
954,false,0,0,0,1,2,0
955,false,0,0,1,0,2,0
956,false,0,1,0,0,2,0
957,false,0,1,0,0,2,0
958,false,0,1,0,0,2,0
959,false,0,0,1,0,2,0
960,false,0,1,0,0,2,0
961,false,0,0,0,1,2,0
962,false,0,1,0,0,2,0
963,false,1,0,0,0,2,0
964,false,1,0,0,0,2,0
965,false,1,0,0,0,2,0
966,false,0,0,1,0,2,0
967,false,0,1,0,0,2,0
968,false,0,0,1,0,2,0
969,false,0,0,1,0,2,0
970,false,0,1,0,0,2,0
971,false,0,0,1,0,2,0
972,false,0,1,0,0,2,0
973,false,0,0,0,1,2,0
974,false,0,1,0,0,2,0
975,false,0,1,0,0,2,0
976,false,0,0,0,1,2,0
977,false,0,0,0,1,2,0
978,false,1,0,0,0,2,0
979,false,0,0,0,1,2,0
980,false,0,0,0,1,2,0
981,false,1,0,0,0,2,0
984,,1,0,0,2,0,0
